n,m,simTime,fitTime,acc,method
100000,10,0.06636881828308105,0.04572892189025879,0.9999749194474444,ridge
100000,10,0.04819893836975098,0.044873952865600586,0.999991306673019,ridge
100000,10,0.046659231185913086,0.04426240921020508,0.9999170768991713,ridge
100000,10,0.046466827392578125,0.04583334922790527,0.9999681864322929,ridge
100000,10,0.04537653923034668,0.04410433769226074,0.9999873187945322,ridge
100000,10,0.04515838623046875,0.044797658920288086,0.999972329290061,ridge
100000,10,0.04492473602294922,0.044834136962890625,0.9999857234052487,ridge
100000,10,0.04430365562438965,0.045162200927734375,0.9999851823686443,ridge
100000,10,0.045847415924072266,0.04414105415344238,0.9999856685488433,ridge
100000,10,0.04454660415649414,0.04496908187866211,0.9999592785230844,ridge
100000,10,0.047621726989746094,0.3551146984100342,0.9901840493402484,marginal
100000,10,0.045688629150390625,0.36147642135620117,0.9975488962763355,marginal
100000,10,0.045931100845336914,0.3520815372467041,0.9953442656316551,marginal
100000,10,0.04397320747375488,0.36163330078125,0.9689992892229072,marginal
100000,10,0.04600381851196289,0.3538048267364502,0.9962283787881567,marginal
100000,10,0.044753313064575195,0.3607051372528076,0.9974245199530468,marginal
100000,10,0.04409646987915039,0.3525559902191162,0.9953953882498883,marginal
100000,10,0.04447150230407715,0.3613617420196533,0.9591393090006318,marginal
100000,10,0.04501986503601074,0.35171055793762207,0.9847772945562885,marginal
100000,10,0.04599332809448242,0.3604884147644043,0.9713171853789943,marginal
100000,10,0.046921730041503906,0.08323073387145996,0.9999796387188359,direct
100000,10,0.04632163047790527,0.03400373458862305,0.9999889484186405,direct
100000,10,0.0451047420501709,0.056693077087402344,0.9999679865280857,direct
100000,10,0.044764041900634766,0.05983328819274902,0.9999717079930687,direct
100000,10,0.04531264305114746,0.05668330192565918,0.9999882537599527,direct
100000,10,0.04630589485168457,0.04128074645996094,0.9999954876829044,direct
100000,10,0.04422712326049805,0.13942337036132812,0.9999413718933131,direct
100000,10,0.04532909393310547,0.27522969245910645,0.9999802558959655,direct
100000,10,0.04625749588012695,0.04907679557800293,0.9999338111972222,direct
100000,10,0.04606890678405762,0.059874773025512695,0.9999898291991584,direct
100000,18,0.1054530143737793,0.1700000762939453,0.9999670910795128,ridge
100000,18,0.10427117347717285,0.16988205909729004,0.9998488567267303,ridge
100000,18,0.10422325134277344,0.16999411582946777,0.9998859609011775,ridge
100000,18,0.10511946678161621,0.16967463493347168,0.999913225489662,ridge
100000,18,0.10334157943725586,0.1697227954864502,0.9999590894369463,ridge
100000,18,0.10116124153137207,0.16952109336853027,0.9999270730786396,ridge
100000,18,0.10205984115600586,0.16971731185913086,0.9999568713514194,ridge
100000,18,0.10086798667907715,0.169813871383667,0.999728477955431,ridge
100000,18,0.10244488716125488,0.1696157455444336,0.9999714095889065,ridge
100000,18,0.10304832458496094,0.169572114944458,0.9999764052302539,ridge
100000,18,0.10385894775390625,1.2471210956573486,0.9958635372005121,marginal
100000,18,0.10282373428344727,1.2654027938842773,0.9943925816843011,marginal
100000,18,0.1036684513092041,1.2459325790405273,0.9953585776508761,marginal
100000,18,0.10228633880615234,1.2648530006408691,0.9908795819524284,marginal
100000,18,0.10332083702087402,1.2463655471801758,0.9967468640905643,marginal
100000,18,0.10093522071838379,1.266223669052124,0.9622609561825735,marginal
100000,18,0.10147476196289062,1.2473301887512207,0.9934055203235714,marginal
100000,18,0.10175442695617676,1.264343500137329,0.9961158116886301,marginal
100000,18,0.10305118560791016,1.2449588775634766,0.9920008931244884,marginal
100000,18,0.10128045082092285,1.2656362056732178,0.992972608902845,marginal
100000,18,0.103118896484375,0.3318624496459961,0.9993454532211475,direct
100000,18,0.10265588760375977,0.1288766860961914,0.9999392513885392,direct
100000,18,0.10329055786132812,0.07784628868103027,0.9999777040650291,direct
100000,18,0.10153651237487793,0.5226857662200928,0.9998703257408958,direct
100000,18,0.10368680953979492,0.1058967113494873,0.9999814048568855,direct
100000,18,0.10130620002746582,0.13448405265808105,0.9999329434609283,direct
100000,18,0.10259151458740234,0.10577774047851562,0.9999536839938993,direct
100000,18,0.10216593742370605,0.19788599014282227,0.9999360501322415,direct
100000,18,0.10335421562194824,0.10581326484680176,0.999880020803952,direct
100000,18,0.10075998306274414,0.12047958374023438,0.9998877030755886,direct
100000,32,0.24191975593566895,0.9165737628936768,0.9977623807966238,ridge
100000,32,0.25418686866760254,0.9434382915496826,0.9999322007741385,ridge
100000,32,0.2457752227783203,0.9172050952911377,0.9981892365478395,ridge
100000,32,0.24953103065490723,0.9437334537506104,0.9989158552650427,ridge
100000,32,0.2461094856262207,0.9174127578735352,0.999889796037183,ridge
100000,32,0.2464289665222168,0.949122428894043,0.9993577940046651,ridge
100000,32,0.24492573738098145,0.9155490398406982,0.9996302151272723,ridge
100000,32,0.24668383598327637,0.9439074993133545,0.9992504172358602,ridge
100000,32,0.24813389778137207,0.9187865257263184,0.999957855345591,ridge
100000,32,0.24817442893981934,0.9438395500183105,0.9994342160636227,ridge
100000,32,0.24226737022399902,4.553134918212891,0.9880118973496631,marginal
100000,32,0.2481374740600586,4.530231952667236,0.9962397402942056,marginal
100000,32,0.24817609786987305,4.5106518268585205,0.9986833420312462,marginal
100000,32,0.24929594993591309,4.532783269882202,0.9967483034658136,marginal
100000,32,0.2450881004333496,4.5090858936309814,0.9964120503713368,marginal
100000,32,0.2485361099243164,4.534574508666992,0.9913170405343722,marginal
100000,32,0.24678778648376465,4.503250598907471,0.9965165298281693,marginal
100000,32,0.248518705368042,4.536930322647095,0.9880822155843101,marginal
100000,32,0.24650955200195312,4.504995584487915,0.9970462026290606,marginal
100000,32,0.24819064140319824,4.534374713897705,0.9967549185309879,marginal
100000,32,0.24301719665527344,0.12338376045227051,0.9999696045847183,direct
100000,32,0.24552464485168457,0.9326133728027344,0.9998358678177083,direct
100000,32,0.24572300910949707,0.23167920112609863,0.999923556068132,direct
100000,32,0.24731135368347168,0.25695300102233887,0.9999567135140436,direct
100000,32,0.24621248245239258,0.9805164337158203,0.9998360823080925,direct
100000,32,0.24393749237060547,0.3112616539001465,0.9999224781635476,direct
100000,32,0.24623775482177734,0.940455436706543,0.9997070764457653,direct
100000,32,0.24915575981140137,0.2573089599609375,0.9999473655234314,direct
100000,32,0.24483251571655273,0.231353759765625,0.9997043069128126,direct
100000,32,0.24646735191345215,1.9362895488739014,0.9992801625236561,direct
100000,56,0.6156237125396729,5.848168134689331,0.9997527587864823,ridge
100000,56,0.6505534648895264,5.861035346984863,0.9992061501830869,ridge
100000,56,0.655066728591919,5.856601715087891,0.9994686052868736,ridge
100000,56,0.647965669631958,5.861868381500244,0.9980903038715204,ridge
100000,56,0.6556274890899658,5.842405796051025,0.9993600793249229,ridge
100000,56,0.652637243270874,5.854540109634399,0.9997171993076449,ridge
100000,56,0.6521334648132324,5.843895435333252,0.9998413427422315,ridge
100000,56,0.6514387130737305,5.908113241195679,0.9996335561270983,ridge
100000,56,0.6556134223937988,5.837503671646118,0.9984780723272251,ridge
100000,56,0.6539220809936523,5.840982437133789,0.9997369828585214,ridge
100000,56,0.6634068489074707,14.870418310165405,0.9950909497313714,marginal
100000,56,0.6496315002441406,15.050582885742188,0.9898980688193663,marginal
100000,56,0.6582720279693604,15.063637733459473,0.9924423426341822,marginal
100000,56,0.6588010787963867,14.930745124816895,0.9966548422875402,marginal
100000,56,0.6525473594665527,15.073175191879272,0.9955904318480113,marginal
100000,56,0.6560623645782471,14.973265409469604,0.9582388430231968,marginal
100000,56,0.6546554565429688,15.066900253295898,0.9812847727103958,marginal
100000,56,0.6566817760467529,14.822582960128784,0.9954436961770827,marginal
100000,56,0.6526350975036621,14.965569257736206,0.9895809067107255,marginal
100000,56,0.6621387004852295,15.015571117401123,0.9949084477842064,marginal
100000,56,0.6527292728424072,0.4892864227294922,0.9998950577612584,direct
100000,56,0.6523456573486328,0.3221561908721924,0.9999152020150144,direct
100000,56,0.6512694358825684,0.7777342796325684,0.9998137128777297,direct
100000,56,0.6505026817321777,0.4976332187652588,0.9999129811527245,direct
100000,56,0.6524856090545654,0.31412577629089355,0.9999065460365554,direct
100000,56,0.6535148620605469,0.4399878978729248,0.9997740815399829,direct
100000,56,0.6532232761383057,0.42980146408081055,0.9998015343501337,direct
100000,56,0.6514065265655518,1.9112699031829834,0.9986401588617267,direct
100000,56,0.6560163497924805,0.5461516380310059,0.9999172246992468,direct
100000,56,0.6520695686340332,1.9098114967346191,0.9997259736676212,direct
100000,100,1.7551751136779785,48.73349213600159,0.9993706848250689,ridge
100000,100,1.782360315322876,48.70178771018982,0.9988716463356205,ridge
100000,100,1.7598578929901123,48.715152740478516,0.9993969535729615,ridge
100000,100,1.7804899215698242,48.69937324523926,0.9987783334032028,ridge
100000,100,1.7489001750946045,48.711774587631226,0.9993703302430901,ridge
100000,100,1.8017587661743164,48.71274137496948,0.9990733023392496,ridge
100000,100,1.7488842010498047,48.795337200164795,0.9996625834700058,ridge
100000,100,1.7846879959106445,48.70873737335205,0.9994457922522659,ridge
100000,100,1.7616124153137207,48.74514937400818,0.9988415662039626,ridge
100000,100,1.7808103561401367,48.68863821029663,0.9981448363371237,ridge
100000,100,1.7688062191009521,51.23889636993408,0.9694943515172525,marginal
100000,100,1.7502598762512207,51.196338176727295,0.9651150148480435,marginal
100000,100,1.7778067588806152,51.18822407722473,0.9945216083948611,marginal
100000,100,1.7657208442687988,51.17029857635498,0.9867605300467728,marginal
100000,100,1.7913308143615723,51.24956774711609,0.987510316663238,marginal
100000,100,1.7706644535064697,51.314451694488525,0.9938825510192438,marginal
100000,100,1.7887670993804932,50.921802043914795,0.995335367907883,marginal
100000,100,1.7734341621398926,51.33133506774902,0.9833806612777299,marginal
100000,100,1.7884478569030762,50.891024351119995,0.9832546094164677,marginal
100000,100,1.7731809616088867,51.36633324623108,0.9854461721741867,marginal
100000,100,1.751101016998291,0.6383225917816162,0.9997697578036158,direct
100000,100,1.7718877792358398,0.8830094337463379,0.9997948525392498,direct
100000,100,1.7716608047485352,2.977595090866089,0.9989120177413493,direct
100000,100,1.7804512977600098,0.879157304763794,0.9998674465584586,direct
100000,100,1.7608442306518555,0.8716387748718262,0.9998807907937494,direct
100000,100,1.768608570098877,0.6434271335601807,0.999815890529973,direct
100000,100,1.7673311233520508,0.635983943939209,0.9996650650014858,direct
100000,100,1.7784833908081055,2.651895761489868,0.9994825257133423,direct
100000,100,1.7662718296051025,0.8700728416442871,0.9998067177379533,direct
100000,100,1.770355463027954,0.6434543132781982,0.9998195975789301,direct
100000,10,0.055390119552612305,0.049739837646484375,0.9929493914621457,ridge
100000,10,0.0527043342590332,0.04526853561401367,0.9933315149271523,ridge
100000,10,0.04585003852844238,0.04464435577392578,0.9924696336939915,ridge
100000,10,0.04440879821777344,0.0444643497467041,0.9767117997910746,ridge
100000,10,0.04596972465515137,0.043602943420410156,0.9986806718802074,ridge
100000,10,0.0442049503326416,0.0446016788482666,0.9885183711998407,ridge
100000,10,0.04515504837036133,0.04573249816894531,0.9894195312362831,ridge
100000,10,0.04540252685546875,0.04458308219909668,0.9627886798440626,ridge
100000,10,0.04588198661804199,0.04355573654174805,0.9978555757863041,ridge
100000,10,0.04472088813781738,0.04461264610290527,0.9847059112892346,ridge
100000,10,0.04522895812988281,0.3574347496032715,0.9741299555185918,marginal
100000,10,0.04494285583496094,0.36014485359191895,0.9975295363929252,marginal
100000,10,0.045807600021362305,0.3573472499847412,0.9705424309584293,marginal
100000,10,0.042968034744262695,0.3601493835449219,0.9455152325825882,marginal
100000,10,0.044773101806640625,0.35757970809936523,0.9762492537106736,marginal
100000,10,0.043122053146362305,0.36066460609436035,0.978631834523946,marginal
100000,10,0.046170711517333984,0.35723137855529785,0.9884586486094293,marginal
100000,10,0.045386314392089844,0.3601043224334717,0.9869421748560154,marginal
100000,10,0.045456647872924805,0.3574411869049072,0.9480928930493556,marginal
100000,10,0.04496908187866211,0.3601813316345215,0.9667812357675066,marginal
100000,10,0.04557371139526367,0.15390777587890625,0.9984935328889966,direct
100000,10,0.04464864730834961,0.10541486740112305,0.9925952658939804,direct
100000,10,0.044684648513793945,0.10896825790405273,0.975707939703548,direct
100000,10,0.04559326171875,0.08656048774719238,0.9566890522853727,direct
100000,10,0.04578757286071777,0.16884446144104004,0.9640498436116762,direct
100000,10,0.04456186294555664,0.08659529685974121,0.9211768734047853,direct
100000,10,0.04537391662597656,0.27750515937805176,0.9976883901191591,direct
100000,10,0.04475545883178711,0.1318509578704834,0.956313407543315,direct
100000,10,0.04508066177368164,0.04897332191467285,0.9888678977887017,direct
100000,10,0.044646501541137695,0.1616659164428711,0.9923631520147949,direct
100000,18,0.10321259498596191,0.1691577434539795,0.9971598401387948,ridge
100000,18,0.10242462158203125,0.16887640953063965,0.9976250849121022,ridge
100000,18,0.10325455665588379,0.1688985824584961,0.9954549569503088,ridge
100000,18,0.09852862358093262,0.16875386238098145,0.9973649954444245,ridge
100000,18,0.10295438766479492,0.16932058334350586,0.9978386840391376,ridge
100000,18,0.10122823715209961,0.16884541511535645,0.9961624923560204,ridge
100000,18,0.10236597061157227,0.1688547134399414,0.9968093777168999,ridge
100000,18,0.09830117225646973,0.16922545433044434,0.9970599290552501,ridge
100000,18,0.1024482250213623,0.16933798789978027,0.9983588822485123,ridge
100000,18,0.10069823265075684,0.16868305206298828,0.9967136699737916,ridge
100000,18,0.10252571105957031,1.259047031402588,0.9956825231641306,marginal
100000,18,0.09927177429199219,1.2341787815093994,0.9920110798634365,marginal
100000,18,0.10016512870788574,1.2592706680297852,0.9791746066520405,marginal
100000,18,0.1000356674194336,1.234154462814331,0.9958067078509464,marginal
100000,18,0.1037142276763916,1.258835792541504,0.9892442540985147,marginal
100000,18,0.10052299499511719,1.2335832118988037,0.993646905278978,marginal
100000,18,0.10235738754272461,1.2590031623840332,0.9770873315995321,marginal
100000,18,0.1027376651763916,1.2346792221069336,0.995617448038489,marginal
100000,18,0.10250353813171387,1.2591426372528076,0.983830642485795,marginal
100000,18,0.09957671165466309,1.2345004081726074,0.9705296788244049,marginal
100000,18,0.10198831558227539,0.11304712295532227,0.9959677002889195,direct
100000,18,0.1025543212890625,0.27648186683654785,0.992384107842985,direct
100000,18,0.10350847244262695,0.2472214698791504,0.9881558719140925,direct
100000,18,0.10107636451721191,0.10652375221252441,0.9954267067475219,direct
100000,18,0.10240840911865234,0.24732542037963867,0.9824561060789687,direct
100000,18,0.10050845146179199,0.43909645080566406,0.9953510321917195,direct
100000,18,0.099700927734375,0.2049877643585205,0.7724313158944379,direct
100000,18,0.1005091667175293,0.41158270835876465,0.997899646275336,direct
100000,18,0.1027522087097168,0.092041015625,0.9955115371412301,direct
100000,18,0.10169172286987305,0.4534568786621094,0.9959894420991601,direct
100000,32,0.248887300491333,0.9265813827514648,0.9979502426498568,ridge
100000,32,0.2499854564666748,0.9240033626556396,0.9979549008089061,ridge
100000,32,0.2474839687347412,0.9257259368896484,0.9973313061733498,ridge
100000,32,0.24923920631408691,0.9248683452606201,0.9989006765158345,ridge
100000,32,0.24956679344177246,0.9256932735443115,0.9985433235070015,ridge
100000,32,0.24849939346313477,0.9334957599639893,0.9976491730022404,ridge
100000,32,0.24903011322021484,0.9264717102050781,0.9983198934150784,ridge
100000,32,0.24951481819152832,0.926203727722168,0.9986399700526911,ridge
100000,32,0.2489330768585205,0.9272301197052002,0.9989369800214066,ridge
100000,32,0.24771690368652344,0.9247393608093262,0.9970056450066712,ridge
100000,32,0.24626970291137695,4.533742427825928,0.994068537752834,marginal
100000,32,0.2490522861480713,4.453986167907715,0.993888290463205,marginal
100000,32,0.24837374687194824,4.532983064651489,0.9835299758476321,marginal
100000,32,0.24628186225891113,4.45206356048584,0.9622903341280985,marginal
100000,32,0.24832534790039062,4.532299280166626,0.9952473089441287,marginal
100000,32,0.2534639835357666,4.451570987701416,0.9930242232845392,marginal
100000,32,0.2489030361175537,4.532638072967529,0.9954765190729326,marginal
100000,32,0.25014615058898926,4.451707601547241,0.9862594748390003,marginal
100000,32,0.2505342960357666,4.533940553665161,0.996805761609796,marginal
100000,32,0.25152587890625,4.454040288925171,0.9934204279563316,marginal
100000,32,0.2463996410369873,0.23128581047058105,0.9976713952806403,direct
100000,32,0.25064826011657715,0.28247952461242676,0.9939437712620713,direct
100000,32,0.24843764305114746,0.7194170951843262,0.9910939454303558,direct
100000,32,0.2517433166503906,0.36330533027648926,0.9916340919190799,direct
100000,32,0.24974298477172852,0.17680096626281738,0.9926191268430126,direct
100000,32,0.24972057342529297,0.3358781337738037,0.9898991825524226,direct
100000,32,0.24824213981628418,0.20406341552734375,0.962729650689716,direct
100000,32,0.2493140697479248,0.41702914237976074,0.9744310546065328,direct
100000,32,0.24667882919311523,0.230851411819458,0.9714419954691051,direct
100000,32,0.250988245010376,0.2823958396911621,0.9755203146722657,direct
100000,56,0.6203258037567139,5.849339962005615,0.9977959393191628,ridge
100000,56,0.6598989963531494,5.850803852081299,0.9985398336935065,ridge
100000,56,0.667125940322876,5.838619709014893,0.9978794197131833,ridge
100000,56,0.6664938926696777,5.842691898345947,0.9976317385584446,ridge
100000,56,0.6548252105712891,5.84171986579895,0.998237139287553,ridge
100000,56,0.6521525382995605,5.851470470428467,0.9978276816293753,ridge
100000,56,0.6533348560333252,5.856388807296753,0.9983963049708744,ridge
100000,56,0.6483490467071533,5.851863861083984,0.998163159543524,ridge
100000,56,0.6550447940826416,5.846654891967773,0.9975373441562675,ridge
100000,56,0.6500561237335205,5.840030193328857,0.998390471886449,ridge
100000,56,0.6473691463470459,15.020710229873657,0.9857199892918508,marginal
100000,56,0.6621279716491699,15.12802529335022,0.9937305381155996,marginal
100000,56,0.6620838642120361,15.01781940460205,0.9940227175010732,marginal
100000,56,0.6573913097381592,15.142605543136597,0.993429376812958,marginal
100000,56,0.6622860431671143,15.013952016830444,0.9922399124732539,marginal
100000,56,0.6654326915740967,15.131269931793213,0.9935478284518314,marginal
100000,56,0.6678934097290039,14.992754459381104,0.9842170324586007,marginal
100000,56,0.6647584438323975,15.120304822921753,0.9962403670277918,marginal
100000,56,0.6677272319793701,15.004830837249756,0.9868198190582431,marginal
100000,56,0.6585547924041748,15.115402221679688,0.9943936342548316,marginal
100000,56,0.6444451808929443,2.702732801437378,0.9946108426999639,direct
100000,56,0.6640849113464355,0.6563105583190918,0.9970905153450152,direct
100000,56,0.6559791564941406,0.31693553924560547,0.9771743826635317,direct
100000,56,0.6677863597869873,0.598473310470581,0.993613424048313,direct
100000,56,0.6551332473754883,0.49277210235595703,0.9940852722047833,direct
100000,56,0.6605210304260254,0.5407774448394775,0.9976809159884675,direct
100000,56,0.6529827117919922,0.43523359298706055,0.9521831633250866,direct
100000,56,0.6623380184173584,0.3700246810913086,0.9919080533323843,direct
100000,56,0.6518280506134033,0.3758237361907959,0.9715008655644671,direct
100000,56,0.6613938808441162,0.42645931243896484,0.9643164679741121,direct
100000,100,1.7525913715362549,48.78950786590576,0.9986190193300014,ridge
100000,100,1.7780320644378662,48.79604172706604,0.9991898640444496,ridge
100000,100,1.7718005180358887,48.7885684967041,0.9989276951958915,ridge
100000,100,1.778993844985962,48.8302903175354,0.9952511354969338,ridge
100000,100,1.7625072002410889,49.03161025047302,0.9965994391975787,ridge
100000,100,1.7771391868591309,48.783639669418335,0.9987111155558215,ridge
100000,100,1.771583080291748,48.66469860076904,0.9965908053740107,ridge
100000,100,1.7765367031097412,48.69957947731018,0.998910455354605,ridge
100000,100,1.7776079177856445,48.70033812522888,0.9989746865814222,ridge
100000,100,1.7783656120300293,48.79491400718689,0.9988354062220764,ridge
100000,100,1.7543606758117676,51.06265187263489,0.9926457878629662,marginal
100000,100,1.7924580574035645,51.06035256385803,0.9931618554676674,marginal
100000,100,1.7815546989440918,51.06681942939758,0.9929990875143304,marginal
100000,100,1.7794265747070312,51.133808851242065,0.9525884343521297,marginal
100000,100,1.7669003009796143,51.02794933319092,0.9305820622218026,marginal
100000,100,1.780144214630127,51.2624671459198,0.9946478023931736,marginal
100000,100,1.7633464336395264,50.82840943336487,0.9932966421288807,marginal
100000,100,1.768537998199463,51.2142014503479,0.9876822504476277,marginal
100000,100,1.761598825454712,50.86583232879639,0.992525329794253,marginal
100000,100,1.7675378322601318,51.26737141609192,0.992235342132961,marginal
100000,100,1.768697738647461,1.5720460414886475,0.9844949963960872,direct
100000,100,1.7802526950836182,0.7616639137268066,0.98030822223106,direct
100000,100,1.7686798572540283,0.636993408203125,0.9976039248055875,direct
100000,100,1.7780530452728271,1.9424457550048828,0.9938685714153607,direct
100000,100,1.7699058055877686,4.8439671993255615,0.9952161433003056,direct
100000,100,1.7680754661560059,1.587106466293335,0.9974744545177311,direct
100000,100,1.7672874927520752,0.7527077198028564,0.9768374454488971,direct
100000,100,1.7788124084472656,1.593996524810791,0.9535292128665481,direct
100000,100,1.7692272663116455,0.6359565258026123,0.5569654845191182,direct
100000,100,1.7741072177886963,0.7619073390960693,0.9941559320114293,direct
100000,10,0.05658411979675293,0.05026960372924805,0.9820850804441261,ridge
100000,10,0.05166172981262207,0.04486870765686035,0.8570776935971793,ridge
100000,10,0.04479575157165527,0.04480552673339844,0.9909542559370286,ridge
100000,10,0.04331541061401367,0.044519662857055664,0.9719330598095235,ridge
100000,10,0.04618549346923828,0.044794559478759766,0.9902126120372787,ridge
100000,10,0.044046878814697266,0.04442310333251953,0.9848049751987417,ridge
100000,10,0.044667959213256836,0.04459047317504883,0.9864951964476831,ridge
100000,10,0.04474592208862305,0.04473280906677246,0.9648748026736088,ridge
100000,10,0.04540276527404785,0.043778181076049805,0.9929518975547338,ridge
100000,10,0.0457456111907959,0.045346736907958984,0.9772187667492193,ridge
100000,10,0.045766592025756836,0.3565235137939453,0.9635300285515512,marginal
100000,10,0.04478573799133301,0.3572092056274414,0.9309563456311898,marginal
100000,10,0.04541373252868652,0.35535383224487305,0.9679739529244945,marginal
100000,10,0.04514288902282715,0.35853028297424316,0.8723319309073134,marginal
100000,10,0.04450559616088867,0.3554551601409912,0.9037932244790055,marginal
100000,10,0.044853925704956055,0.3562357425689697,0.9764435718714629,marginal
100000,10,0.04542136192321777,0.35537147521972656,0.9635385894229093,marginal
100000,10,0.044562578201293945,0.3563063144683838,0.990733150126819,marginal
100000,10,0.04385542869567871,0.35527658462524414,0.912610565729135,marginal
100000,10,0.04494524002075195,0.35814929008483887,0.9813794842495325,marginal
100000,10,0.04573202133178711,0.23608827590942383,0.9841823187293339,direct
100000,10,0.04361367225646973,0.0743870735168457,0.8916155007257377,direct
100000,10,0.04440736770629883,0.14252924919128418,0.7605827942312201,direct
100000,10,0.04564666748046875,0.13039851188659668,0.9734497982721809,direct
100000,10,0.044687747955322266,0.18339014053344727,0.9195308079078658,direct
100000,10,0.04445600509643555,0.07090973854064941,0.8986194097190894,direct
100000,10,0.04551982879638672,0.06394791603088379,0.8841289523229168,direct
100000,10,0.04485750198364258,0.13796567916870117,0.19236579498905118,direct
100000,10,0.04584908485412598,0.1500861644744873,0.9778946481131644,direct
100000,10,0.044476985931396484,0.08591580390930176,0.9023659769865433,direct
100000,18,0.10132765769958496,0.1692497730255127,0.9869148002252507,ridge
100000,18,0.10088586807250977,0.16948223114013672,0.9931082602941556,ridge
100000,18,0.10186362266540527,0.16927385330200195,0.9675852244340244,ridge
100000,18,0.10081005096435547,0.1688070297241211,0.9893532970934212,ridge
100000,18,0.10170507431030273,0.17035841941833496,0.9746675525608467,ridge
100000,18,0.1019899845123291,0.16985368728637695,0.98663161630649,ridge
100000,18,0.10302019119262695,0.16899991035461426,0.9900155048664298,ridge
100000,18,0.10094714164733887,0.16974925994873047,0.9810382802654566,ridge
100000,18,0.10095000267028809,0.16966819763183594,0.9926049971618789,ridge
100000,18,0.1023249626159668,0.1692028045654297,0.9790510176590463,ridge
100000,18,0.10291433334350586,1.244683027267456,0.9761191006842417,marginal
100000,18,0.10280013084411621,1.2323365211486816,0.9654340002414448,marginal
100000,18,0.10169744491577148,1.2452833652496338,0.9768657492903376,marginal
100000,18,0.10089683532714844,1.2322850227355957,0.9751722398989787,marginal
100000,18,0.10083627700805664,1.2448885440826416,0.9816513793644627,marginal
100000,18,0.10036158561706543,1.2316679954528809,0.9681620930706832,marginal
100000,18,0.10297036170959473,1.245208501815796,0.9885583160085445,marginal
100000,18,0.10105252265930176,1.2319355010986328,0.98690172797213,marginal
100000,18,0.10181903839111328,1.2457647323608398,0.9834889100226651,marginal
100000,18,0.10201764106750488,1.2322158813476562,0.9868262286422886,marginal
100000,18,0.10191988945007324,0.2902185916900635,0.8899154746019278,direct
100000,18,0.1012425422668457,0.19167613983154297,0.8717955420766167,direct
100000,18,0.10218238830566406,0.40305352210998535,0.957433627067682,direct
100000,18,0.10116791725158691,0.26320600509643555,0.9611310680138367,direct
100000,18,0.10131382942199707,0.17722296714782715,0.932673758909724,direct
100000,18,0.10002565383911133,0.16325712203979492,0.9741888781079333,direct
100000,18,0.10349917411804199,0.12074851989746094,0.9751097794360569,direct
100000,18,0.10287976264953613,0.12057304382324219,0.9635595917704726,direct
100000,18,0.10222363471984863,0.14867091178894043,0.9225768880659987,direct
100000,18,0.1016089916229248,0.5620644092559814,0.7152493800122947,direct
100000,32,0.24643492698669434,0.9408001899719238,0.9953035946887469,ridge
100000,32,0.256345272064209,0.9420135021209717,0.9911609383705503,ridge
100000,32,0.24987077713012695,0.9430868625640869,0.9944498710597356,ridge
100000,32,0.25014305114746094,0.9412615299224854,0.9939929096936936,ridge
100000,32,0.2509024143218994,0.9460799694061279,0.9957895131407501,ridge
100000,32,0.2503485679626465,0.9415309429168701,0.9964021430094108,ridge
100000,32,0.24971652030944824,0.9435129165649414,0.98664104413927,ridge
100000,32,0.24890971183776855,0.9427764415740967,0.979714585444068,ridge
100000,32,0.24687719345092773,0.9437267780303955,0.9917743223511394,ridge
100000,32,0.25185728073120117,0.9416418075561523,0.9893538221317072,ridge
100000,32,0.25255751609802246,4.712879657745361,0.9308775386681766,marginal
100000,32,0.2541775703430176,4.687020540237427,0.9761922184243842,marginal
100000,32,0.2524726390838623,4.709944486618042,0.9915647410073601,marginal
100000,32,0.24739956855773926,4.685648441314697,0.9828985243048548,marginal
100000,32,0.24958181381225586,4.709299087524414,0.9865625187416891,marginal
100000,32,0.2505960464477539,4.68272066116333,0.9752271086218888,marginal
100000,32,0.2494347095489502,4.709442615509033,0.9925211692694458,marginal
100000,32,0.2513406276702881,4.6823930740356445,0.9828207566649929,marginal
100000,32,0.24883222579956055,4.709797143936157,0.9843970996103346,marginal
100000,32,0.25095486640930176,4.684159755706787,0.9876844594026285,marginal
100000,32,0.2510044574737549,0.28602004051208496,0.9907806036184786,direct
100000,32,0.24677729606628418,0.28589534759521484,0.5974774994754388,direct
100000,32,0.25043392181396484,0.17614960670471191,0.9714098408912678,direct
100000,32,0.24955177307128906,0.25826573371887207,0.587117521286312,direct
100000,32,0.24930500984191895,0.3659508228302002,0.6184149404900338,direct
100000,32,0.24928021430969238,0.20427632331848145,0.9915879797526371,direct
100000,32,0.24966001510620117,0.28476834297180176,0.9710168882549053,direct
100000,32,0.2476201057434082,0.5042641162872314,0.9649507558523358,direct
100000,32,0.24953722953796387,0.3934454917907715,0.9710804986431607,direct
100000,32,0.24749040603637695,0.7479984760284424,0.9849139095718208,direct
100000,56,0.6246328353881836,5.857750177383423,0.9961997990783638,ridge
100000,56,0.6601073741912842,5.848323106765747,0.9955548645568237,ridge
100000,56,0.6643671989440918,5.841727256774902,0.9945012496946809,ridge
100000,56,0.6658029556274414,5.847160577774048,0.9961566047461996,ridge
100000,56,0.6508910655975342,5.859017848968506,0.9966217593659038,ridge
100000,56,0.6495494842529297,5.848006725311279,0.9964036590199646,ridge
100000,56,0.6568582057952881,5.844690322875977,0.9968224349615202,ridge
100000,56,0.6481430530548096,5.845338821411133,0.9958663214671338,ridge
100000,56,0.6526594161987305,5.8516669273376465,0.9951299061880715,ridge
100000,56,0.6499359607696533,5.857365608215332,0.9935413295726482,ridge
100000,56,0.6485598087310791,15.158050298690796,0.9879822137674074,marginal
100000,56,0.6579582691192627,15.045359134674072,0.9769668104114929,marginal
100000,56,0.6648573875427246,15.149683713912964,0.9883918669966543,marginal
100000,56,0.6598513126373291,15.049509286880493,0.9872064058357236,marginal
100000,56,0.6613147258758545,15.134208679199219,0.9734902531189584,marginal
100000,56,0.6667156219482422,15.120133638381958,0.9929815328852494,marginal
100000,56,0.6653833389282227,15.118461847305298,0.9910674429470367,marginal
100000,56,0.661287784576416,15.132720232009888,0.9779750635548167,marginal
100000,56,0.6648824214935303,15.095828771591187,0.9880250240491583,marginal
100000,56,0.6574461460113525,15.131478548049927,0.9842018130659423,marginal
100000,56,0.6483159065246582,0.43416309356689453,0.8459531212419701,direct
100000,56,0.6632990837097168,0.8284509181976318,0.9170258812656744,direct
100000,56,0.6548724174499512,0.3771228790283203,0.9927980927853517,direct
100000,56,0.6659479141235352,0.9996013641357422,0.9573422412774655,direct
100000,56,0.653806209564209,0.7852597236633301,0.9882521734484182,direct
100000,56,0.6615946292877197,0.48511815071105957,0.9883355015443922,direct
100000,56,0.653653621673584,1.4324171543121338,0.9896142362405262,direct
100000,56,0.6683859825134277,0.48515963554382324,0.9935197272360776,direct
100000,56,0.6524159908294678,1.8393666744232178,0.9919147940301911,direct
100000,56,0.6669919490814209,0.5409250259399414,0.9318272745948627,direct
100000,100,1.7570757865905762,49.83272933959961,0.9970711616353214,ridge
100000,100,1.7723283767700195,49.124528884887695,0.991714850148319,ridge
100000,100,1.7886197566986084,48.98411679267883,0.9967929096264359,ridge
100000,100,1.7753791809082031,48.67360520362854,0.9955504212617963,ridge
100000,100,1.77590012550354,49.28489589691162,0.997128957564356,ridge
100000,100,1.7934222221374512,49.35571002960205,0.9957673132905208,ridge
100000,100,1.7713217735290527,48.71059012413025,0.9968159026243946,ridge
100000,100,1.7813529968261719,48.60750937461853,0.9979895549949191,ridge
100000,100,1.7608182430267334,49.28617572784424,0.9944314128707172,ridge
100000,100,1.7784006595611572,48.65675616264343,0.9958517607682678,ridge
100000,100,1.7522268295288086,50.37427616119385,0.9840954495369715,marginal
100000,100,1.7860777378082275,51.05942416191101,0.9885012414143658,marginal
100000,100,1.7611303329467773,50.38176107406616,0.9751522918625098,marginal
100000,100,1.7877557277679443,51.08149313926697,0.9917014185268038,marginal
100000,100,1.7673864364624023,51.07992482185364,0.9572469575333283,marginal
100000,100,1.7821216583251953,50.743298292160034,0.9862992084683295,marginal
100000,100,1.7590978145599365,50.9507851600647,0.9746494178807771,marginal
100000,100,1.7689132690429688,50.55738806724548,0.9911492712046575,marginal
100000,100,1.7596254348754883,50.95198178291321,0.9912130575591046,marginal
100000,100,1.7658038139343262,50.494384765625,0.9904817743025354,marginal
100000,100,1.7489922046661377,0.8696889877319336,0.9091849446855034,direct
100000,100,1.8153576850891113,1.7307782173156738,0.8597108352659467,direct
100000,100,1.789097547531128,1.939296007156372,0.8349330058729899,direct
100000,100,1.772705078125,0.9951992034912109,0.9732588452414199,direct
100000,100,1.7840960025787354,0.9859983921051025,0.6920814059605148,direct
100000,100,1.7610704898834229,8.426660299301147,0.9540681177207981,direct
100000,100,1.7731108665466309,5.768535137176514,0.9721865898514281,direct
100000,100,1.7657215595245361,1.5816667079925537,0.9481294940957457,direct
100000,100,1.7743525505065918,2.8618037700653076,0.9633462460569834,direct
100000,100,1.7660064697265625,1.3682861328125,0.9702341338677488,direct
100000,10,0.05774259567260742,0.051241159439086914,0.9352538899711184,ridge
100000,10,0.05307173728942871,0.05039548873901367,0.7637958380077955,ridge
100000,10,0.04578542709350586,0.044634342193603516,0.8268647828197755,ridge
100000,10,0.04546475410461426,0.045365095138549805,0.9483772592354726,ridge
100000,10,0.04594016075134277,0.04508185386657715,0.9232445732345719,ridge
100000,10,0.04517674446105957,0.04454231262207031,0.9838279836888214,ridge
100000,10,0.04549670219421387,0.04525899887084961,0.918990337672969,ridge
100000,10,0.044812917709350586,0.045197486877441406,0.8385914020342469,ridge
100000,10,0.04266643524169922,0.043852806091308594,0.9875215838732216,ridge
100000,10,0.0436251163482666,0.044672489166259766,0.9393192051077023,ridge
100000,10,0.044953107833862305,0.349931001663208,0.8522899124369847,marginal
100000,10,0.04588913917541504,0.3530004024505615,0.93419924677292,marginal
100000,10,0.04461956024169922,0.3538346290588379,0.8849082289588319,marginal
100000,10,0.044413089752197266,0.3574998378753662,0.8178319568171809,marginal
100000,10,0.04519915580749512,0.3491940498352051,0.970676975562461,marginal
100000,10,0.04502153396606445,0.35283660888671875,0.7798295302265161,marginal
100000,10,0.04564380645751953,0.3503913879394531,0.9421464504012612,marginal
100000,10,0.04488015174865723,0.36009955406188965,0.8770434599993534,marginal
100000,10,0.04538154602050781,0.34722352027893066,0.9791174767565914,marginal
100000,10,0.044144630432128906,0.3510000705718994,0.9187710343992423,marginal
100000,10,0.044014692306518555,0.2536921501159668,0.9796769808249146,direct
100000,10,0.04524064064025879,0.047548532485961914,0.6854299807959514,direct
100000,10,0.0453646183013916,0.09819650650024414,0.7105934681297633,direct
100000,10,0.04390406608581543,0.3567080497741699,0.36423326341750956,direct
100000,10,0.04481863975524902,0.19303154945373535,0.7620985627883337,direct
100000,10,0.04446864128112793,0.9112658500671387,0.8774852575429445,direct
100000,10,0.044827938079833984,0.06222891807556152,0.5982782040230247,direct
100000,10,0.04446291923522949,0.08394384384155273,0.7583836672119624,direct
100000,10,0.04463458061218262,0.047609567642211914,0.5765304279489565,direct
100000,10,0.043808937072753906,0.21118783950805664,0.7343894615826637,direct
100000,18,0.10105204582214355,0.16985440254211426,0.8887312259501338,ridge
100000,18,0.10419631004333496,0.1714317798614502,0.924250695261116,ridge
100000,18,0.10141134262084961,0.17061877250671387,0.9371555341357988,ridge
100000,18,0.10405373573303223,0.169419527053833,0.9824816402106588,ridge
100000,18,0.10024690628051758,0.17066216468811035,0.9339473921675322,ridge
100000,18,0.10212898254394531,0.17023444175720215,0.9351334740414166,ridge
100000,18,0.1014707088470459,0.16964221000671387,0.9748028723923747,ridge
100000,18,0.10122847557067871,0.17080974578857422,0.8910796321722335,ridge
100000,18,0.10005545616149902,0.1697099208831787,0.9700819224736376,ridge
100000,18,0.10205316543579102,0.17115283012390137,0.9416980878867133,ridge
100000,18,0.1015326976776123,1.1996419429779053,0.9400027280495442,marginal
100000,18,0.10309410095214844,1.2775547504425049,0.958330951811885,marginal
100000,18,0.10352325439453125,1.2152087688446045,0.9143772141108233,marginal
100000,18,0.10163760185241699,1.2734355926513672,0.9514715946499794,marginal
100000,18,0.10048556327819824,1.2084684371948242,0.937853318650891,marginal
100000,18,0.09995603561401367,1.270547866821289,0.9638841228408128,marginal
100000,18,0.10112285614013672,1.2109873294830322,0.9672355052097972,marginal
100000,18,0.10102725028991699,1.274747371673584,0.9824248623756908,marginal
100000,18,0.09960460662841797,1.209768533706665,0.9369182646263756,marginal
100000,18,0.10246396064758301,1.2737019062042236,0.9573029431074963,marginal
100000,18,0.10166001319885254,0.21943211555480957,0.5717728324756773,direct
100000,18,0.1029508113861084,0.4456899166107178,0.7214860546793564,direct
100000,18,0.10246777534484863,0.15607643127441406,0.7338113264027986,direct
100000,18,0.10279178619384766,0.8155913352966309,0.8761194238268517,direct
100000,18,0.10240483283996582,0.2064352035522461,0.8049682121443487,direct
100000,18,0.10191750526428223,0.3763735294342041,0.6314891929503375,direct
100000,18,0.10214066505432129,0.10637116432189941,0.9748550552262248,direct
100000,18,0.10295653343200684,0.12051153182983398,0.6500123846985012,direct
100000,18,0.10175371170043945,0.716728687286377,0.7278195293702151,direct
100000,18,0.10373210906982422,0.17683839797973633,0.5258863640276282,direct
100000,32,0.25048828125,0.9559681415557861,0.9855507321044289,ridge
100000,32,0.25778889656066895,0.9472157955169678,0.9883387737665519,ridge
100000,32,0.24935078620910645,0.9304249286651611,0.9856543585173899,ridge
100000,32,0.25238919258117676,0.9515140056610107,0.9575571080314994,ridge
100000,32,0.2494947910308838,0.933129072189331,0.9880290800589814,ridge
100000,32,0.2505660057067871,0.9473907947540283,0.9465491528709207,ridge
100000,32,0.24865198135375977,0.9304826259613037,0.9912578051497124,ridge
100000,32,0.24997878074645996,0.9472882747650146,0.9701138435822705,ridge
100000,32,0.24889421463012695,0.9348306655883789,0.9633821158304916,ridge
100000,32,0.25014615058898926,0.9457333087921143,0.9774081884560167,ridge
100000,32,0.25427889823913574,4.648933172225952,0.9556852491853791,marginal
100000,32,0.25098729133605957,4.69727897644043,0.9540863242208432,marginal
100000,32,0.25092363357543945,4.658423185348511,0.8683424753937807,marginal
100000,32,0.24857783317565918,4.921127080917358,0.9836157732131968,marginal
100000,32,0.25168395042419434,4.6310155391693115,0.9700297302922967,marginal
100000,32,0.25266528129577637,4.687586307525635,0.9807673543643964,marginal
100000,32,0.24897289276123047,4.635434865951538,0.9635175823049194,marginal
100000,32,0.24913763999938965,4.6898980140686035,0.9758620017783003,marginal
100000,32,0.250105619430542,4.632029056549072,0.9738373722145441,marginal
100000,32,0.25026583671569824,4.686911344528198,0.9792830745132931,marginal
100000,32,0.2583918571472168,0.2843151092529297,0.9720052470982354,direct
100000,32,0.24761629104614258,0.8793613910675049,0.9789120249790685,direct
100000,32,0.25232744216918945,0.4449622631072998,0.9117073991559979,direct
100000,32,0.2477259635925293,0.851625919342041,0.9277869445258575,direct
100000,32,0.2510185241699219,0.44479942321777344,0.9731003953486481,direct
100000,32,0.2458972930908203,2.8419177532196045,0.9454683601158481,direct
100000,32,0.2470862865447998,0.28415846824645996,0.9819945920980107,direct
100000,32,0.24612998962402344,0.20325517654418945,0.9801036517395376,direct
100000,32,0.2507038116455078,1.7384445667266846,0.9646157236102844,direct
100000,32,0.24572539329528809,0.39232730865478516,0.6622058766462081,direct
100000,56,0.6209330558776855,5.846018552780151,0.9887362180848511,ridge
100000,56,0.6672217845916748,5.955076456069946,0.9877873184714592,ridge
100000,56,0.7339255809783936,5.8494789600372314,0.9903562644666873,ridge
100000,56,0.668860912322998,5.852028846740723,0.9929289733886782,ridge
100000,56,0.6547813415527344,5.851719856262207,0.9870903554639686,ridge
100000,56,0.6591160297393799,5.964907884597778,0.9802902494739337,ridge
100000,56,0.6507277488708496,5.85499382019043,0.9823952686074707,ridge
100000,56,0.6532711982727051,5.851900815963745,0.9752068504028183,ridge
100000,56,0.652834415435791,5.849925518035889,0.9924364930110027,ridge
100000,56,0.6533761024475098,5.849901914596558,0.9814470898535274,ridge
100000,56,0.6465020179748535,15.015224695205688,0.9829195442131526,marginal
100000,56,0.6618802547454834,15.066904544830322,0.9821302509958396,marginal
100000,56,0.6715717315673828,14.865760564804077,0.9827642425842591,marginal
100000,56,0.6664872169494629,15.130553007125854,0.9876611911620533,marginal
100000,56,0.6716279983520508,14.979848861694336,0.9844310959686967,marginal
100000,56,0.6696734428405762,15.104524374008179,0.9893652171593103,marginal
100000,56,0.6684796810150146,14.990757465362549,0.9690826873106191,marginal
100000,56,0.6742148399353027,15.081131935119629,0.9861171338646028,marginal
100000,56,0.6676967144012451,14.97174882888794,0.9896400129566177,marginal
100000,56,0.6667237281799316,15.219138860702515,0.9653873709528524,marginal
100000,56,0.6521739959716797,0.9600903987884521,0.9129384306781292,direct
100000,56,0.6720397472381592,0.6582040786743164,0.9641920997323518,direct
100000,56,0.6605157852172852,1.0202670097351074,0.944335257452121,direct
100000,56,0.6694254875183105,1.807746171951294,0.7859695337729015,direct
100000,56,0.6563081741333008,2.4268314838409424,0.9733571455923244,direct
100000,56,0.6666653156280518,1.0593271255493164,0.6922982926867515,direct
100000,56,0.6566648483276367,0.6796066761016846,0.969533866294752,direct
100000,56,0.6702761650085449,0.5413045883178711,0.8405817461288284,direct
100000,56,0.6542596817016602,1.5452439785003662,0.5510260723144127,direct
100000,56,0.6703672409057617,2.032782554626465,0.8062048925450951,direct
100000,100,1.761932373046875,49.506494998931885,0.9943700676869229,ridge
100000,100,1.7976126670837402,49.58753681182861,0.9908606835106983,ridge
100000,100,1.814033031463623,50.15712594985962,0.9935702614428849,ridge
100000,100,1.8018760681152344,49.42968678474426,0.9948429027564958,ridge
100000,100,1.8077178001403809,49.703118085861206,0.9922900334499908,ridge
100000,100,1.7988183498382568,49.218507051467896,0.9936201744126726,ridge
100000,100,1.8237524032592773,49.22806096076965,0.9909160065893532,ridge
100000,100,1.7852325439453125,49.14558744430542,0.9952124781664893,ridge
100000,100,1.825305461883545,49.11479067802429,0.993726581765666,ridge
100000,100,1.8286137580871582,49.62687277793884,0.991501041800037,ridge
100000,100,1.7696685791015625,50.72978949546814,0.9793960950906185,marginal
100000,100,1.8042263984680176,51.12344813346863,0.9527775020366108,marginal
100000,100,1.7872090339660645,50.65001821517944,0.9877683171114864,marginal
100000,100,1.8021824359893799,51.066630840301514,0.9856763769451277,marginal
100000,100,1.779015064239502,50.491726875305176,0.9557572258112556,marginal
100000,100,1.7945430278778076,51.088263511657715,0.9763859006081185,marginal
100000,100,1.7771639823913574,51.22869253158569,0.21354786986072438,marginal
100000,100,1.797008991241455,50.66274642944336,0.9470821399012723,marginal
100000,100,1.779207706451416,51.01244878768921,0.9690790427637573,marginal
100000,100,1.795210361480713,51.459145069122314,0.965009004258448,marginal
100000,100,1.769211769104004,1.0040476322174072,0.6718835312738056,direct
100000,100,1.784653902053833,2.3120205402374268,0.8275375027794498,direct
100000,100,1.7989778518676758,1.0019633769989014,0.9904440051226872,direct
100000,100,1.7959375381469727,4.723159551620483,0.8924799890940784,direct
100000,100,1.807565450668335,3.266303062438965,0.9426198209977814,direct
100000,100,1.8159708976745605,6.091645240783691,0.9465767370492051,direct
100000,100,1.8032684326171875,0.990734338760376,0.7388996753615082,direct
100000,100,1.7975261211395264,1.594430685043335,0.9107597164655976,direct
100000,100,1.8056774139404297,0.8867306709289551,0.877232579815816,direct
100000,100,1.802631139755249,3.4876720905303955,0.9674700114828058,direct
100000,10,0.05548501014709473,0.04967975616455078,0.9345615900117361,ridge
100000,10,0.054419517517089844,0.04667830467224121,0.8867860093047577,ridge
100000,10,0.045316219329833984,0.04770493507385254,0.7546575100474839,ridge
100000,10,0.045105695724487305,0.04502248764038086,0.9325849852078247,ridge
100000,10,0.044504404067993164,0.04411053657531738,0.8540399573080474,ridge
100000,10,0.04615592956542969,0.04498767852783203,0.9494424115909657,ridge
100000,10,0.045157432556152344,0.044431447982788086,0.9496910909908736,ridge
100000,10,0.04436445236206055,0.0451655387878418,0.6270713259219769,ridge
100000,10,0.04434394836425781,0.04467892646789551,0.8975430318616047,ridge
100000,10,0.04459953308105469,0.0445556640625,0.9402794970599008,ridge
100000,10,0.043819427490234375,0.3510162830352783,0.8255121189408055,marginal
100000,10,0.04477071762084961,0.36092710494995117,0.6494809574258721,marginal
100000,10,0.04510235786437988,0.3503153324127197,0.5800153937586591,marginal
100000,10,0.04494047164916992,0.35924839973449707,0.6144962766625869,marginal
100000,10,0.04503655433654785,0.3467268943786621,0.7642649266765104,marginal
100000,10,0.04577755928039551,0.3575105667114258,0.9408800568004507,marginal
100000,10,0.04488062858581543,0.367095947265625,0.6542122048623773,marginal
100000,10,0.04629063606262207,0.36321091651916504,0.8543206552176621,marginal
100000,10,0.045122385025024414,0.347332239151001,0.590689789031875,marginal
100000,10,0.044439077377319336,0.35677409172058105,0.9188964223664232,marginal
100000,10,0.04470181465148926,0.16451549530029297,0.8284525106697982,direct
100000,10,0.04509115219116211,0.08685302734375,0.8891331752385239,direct
100000,10,0.04468059539794922,0.0640561580657959,0.8348501398718969,direct
100000,10,0.0450439453125,0.10917830467224121,0.35127202768310417,direct
100000,10,0.04606175422668457,0.06372976303100586,0.7291985204593765,direct
100000,10,0.045339345932006836,0.08596158027648926,0.9154306225167347,direct
100000,10,0.04450249671936035,0.3818478584289551,0.526545859113477,direct
100000,10,0.04526233673095703,0.15041589736938477,0.7585118334282064,direct
100000,10,0.04558205604553223,0.15700364112854004,0.9411497677634996,direct
100000,10,0.044686317443847656,0.10462713241577148,0.9485506879708031,direct
100000,18,0.09970498085021973,0.17045831680297852,0.9717240806741316,ridge
100000,18,0.10302448272705078,0.169813871383667,0.9710608300527785,ridge
100000,18,0.10100483894348145,0.17064476013183594,0.9075122663703798,ridge
100000,18,0.10222029685974121,0.1699542999267578,0.9716319960645174,ridge
100000,18,0.10012173652648926,0.17113399505615234,0.9068864728589322,ridge
100000,18,0.10176205635070801,0.17038631439208984,0.9512456160119589,ridge
100000,18,0.10171175003051758,0.16995692253112793,0.9197777574216509,ridge
100000,18,0.10320305824279785,0.17020058631896973,0.9143738839895059,ridge
100000,18,0.10232663154602051,0.17045116424560547,0.9443053429360909,ridge
100000,18,0.10262513160705566,0.17102527618408203,0.9656764951195753,ridge
100000,18,0.10196948051452637,1.2211830615997314,0.7501719560214503,marginal
100000,18,0.10236930847167969,1.2751505374908447,0.9062288677212833,marginal
100000,18,0.10109806060791016,1.2250781059265137,0.7966903206539667,marginal
100000,18,0.1033790111541748,1.2744519710540771,0.9450689937277675,marginal
100000,18,0.10207056999206543,1.2221150398254395,0.7334661875974656,marginal
100000,18,0.10357999801635742,1.2741196155548096,0.9563023051407522,marginal
100000,18,0.10207653045654297,1.2240872383117676,0.8397636979446756,marginal
100000,18,0.10221242904663086,1.2753753662109375,0.8559738418058266,marginal
100000,18,0.10236930847167969,1.223149061203003,0.923987167927942,marginal
100000,18,0.10313677787780762,1.273961067199707,0.7544282062438626,marginal
100000,18,0.10115647315979004,0.15050148963928223,0.5104332622476033,direct
100000,18,0.10252642631530762,0.12140178680419922,0.9594823764129295,direct
100000,18,0.10020828247070312,0.13659882545471191,0.6409405740556682,direct
100000,18,0.100982666015625,0.1358175277709961,0.009444772714368168,direct
100000,18,0.10046958923339844,0.6813719272613525,0.4880981597120606,direct
100000,18,0.10212898254394531,0.5499722957611084,0.8897322174925353,direct
100000,18,0.09783291816711426,0.25757837295532227,0.9321081050776096,direct
100000,18,0.10263276100158691,0.1211700439453125,0.4380163814803728,direct
100000,18,0.10244941711425781,0.17936325073242188,0.6751706169813316,direct
100000,18,0.10203289985656738,0.5197820663452148,0.586289305792569,direct
100000,32,0.24755263328552246,0.9396607875823975,0.979283791736072,ridge
100000,32,0.25043749809265137,0.9553065299987793,0.9477342703715141,ridge
100000,32,0.25055885314941406,0.9340393543243408,0.9789318808777463,ridge
100000,32,0.24892735481262207,0.9509966373443604,0.9701757998952484,ridge
100000,32,0.25065016746520996,0.9388389587402344,0.971240316378128,ridge
100000,32,0.24823665618896484,0.9508044719696045,0.9630396002637163,ridge
100000,32,0.24929523468017578,0.9373905658721924,0.9863719305029862,ridge
100000,32,0.25052547454833984,0.9498376846313477,0.9759717655463064,ridge
100000,32,0.25034451484680176,0.9355509281158447,0.9800187796726896,ridge
100000,32,0.25022315979003906,0.9460618495941162,0.9742329928475558,ridge
100000,32,0.2541358470916748,4.6225340366363525,0.9568047145169467,marginal
100000,32,0.2558276653289795,4.741154193878174,0.9593590476798058,marginal
100000,32,0.2511148452758789,4.621774673461914,0.9399946074643807,marginal
100000,32,0.24921798706054688,4.690404653549194,0.9766908599753402,marginal
100000,32,0.24930024147033691,4.628093481063843,0.9629175989447353,marginal
100000,32,0.24950432777404785,4.689469575881958,0.9605560375523843,marginal
100000,32,0.25035953521728516,4.634149551391602,0.9294717878133766,marginal
100000,32,0.24852418899536133,4.69694972038269,0.9470686668170707,marginal
100000,32,0.2504277229309082,4.651962041854858,0.9598563690927685,marginal
100000,32,0.2488102912902832,4.715844392776489,0.9500665818013162,marginal
100000,32,0.25219225883483887,8.686446189880371,0.9277178027822679,direct
100000,32,0.24784207344055176,0.4225625991821289,0.8585784313672365,direct
100000,32,0.25166869163513184,0.2311713695526123,0.86541651109232,direct
100000,32,0.24856114387512207,0.44759321212768555,0.9525971876604169,direct
100000,32,0.25152087211608887,2.0641212463378906,0.7572380285250151,direct
100000,32,0.24788904190063477,1.4577758312225342,0.9160610417099363,direct
100000,32,0.24969196319580078,0.833219051361084,0.879946821776663,direct
100000,32,0.2474071979522705,0.7213888168334961,0.829022427556424,direct
100000,32,0.2523767948150635,1.4083623886108398,0.945699556861196,direct
100000,32,0.2505180835723877,0.36789703369140625,0.904998153228475,direct
100000,56,0.6236164569854736,5.880182266235352,0.9850594332471415,ridge
100000,56,0.6689324378967285,6.133724927902222,0.9637780448328335,ridge
100000,56,0.6663393974304199,5.891089677810669,0.9870305292893679,ridge
100000,56,0.6761219501495361,5.866157293319702,0.9883158168200692,ridge
100000,56,0.6571540832519531,5.871441125869751,0.9884924896972508,ridge
100000,56,0.659895658493042,5.861725091934204,0.9812835281223095,ridge
100000,56,0.6583523750305176,5.8695268630981445,0.9853456620999754,ridge
100000,56,0.6596462726593018,5.873892784118652,0.9883530965081446,ridge
100000,56,0.6599304676055908,5.872879981994629,0.9770025349259523,ridge
100000,56,0.6617865562438965,5.891216278076172,0.9819873248175218,ridge
100000,56,0.652437686920166,14.933101177215576,0.9709478725003303,marginal
100000,56,0.666384220123291,15.080645084381104,0.7249021764657817,marginal
100000,56,0.6655831336975098,14.953802585601807,0.9639658946695082,marginal
100000,56,0.671119213104248,14.846771001815796,0.9775739634454791,marginal
100000,56,0.66762375831604,15.152217864990234,0.9731951459339264,marginal
100000,56,0.6670224666595459,14.886598825454712,0.9669402353653802,marginal
100000,56,0.6657283306121826,15.033898830413818,0.9646126483921733,marginal
100000,56,0.6669230461120605,14.848711729049683,0.9612792611488792,marginal
100000,56,0.6633915901184082,15.023887872695923,0.9285417329700566,marginal
100000,56,0.6699378490447998,14.870428085327148,0.9761480797492316,marginal
100000,56,0.6520934104919434,1.8430845737457275,0.6155013334707465,direct
100000,56,0.6701371669769287,0.6014187335968018,0.8782455846085798,direct
100000,56,0.6582036018371582,1.0803101062774658,0.8873369203031491,direct
100000,56,0.6720890998840332,2.7256503105163574,0.8867675041457996,direct
100000,56,0.6549491882324219,2.8363213539123535,0.9151586778156864,direct
100000,56,0.6654973030090332,0.3720109462738037,0.7768588986434166,direct
100000,56,0.6568880081176758,1.723745584487915,0.875722874534834,direct
100000,56,0.6676003932952881,0.48528003692626953,0.6767816764731837,direct
100000,56,0.6606466770172119,1.2570242881774902,0.9245706251326526,direct
100000,56,0.6668753623962402,0.48819780349731445,0.7462536526886491,direct
100000,100,1.773967981338501,49.32430553436279,0.9812970525235367,ridge
100000,100,1.800631046295166,49.489073276519775,0.991183028357015,ridge
100000,100,1.8015899658203125,49.12080979347229,0.9891951109605025,ridge
100000,100,1.8074500560760498,49.39483904838562,0.9895942694340617,ridge
100000,100,1.802105188369751,49.456104040145874,0.9893127607667842,ridge
100000,100,1.8041796684265137,49.384533643722534,0.9844373859827009,ridge
100000,100,1.8055152893066406,49.32309365272522,0.9867196038525614,ridge
100000,100,1.7980494499206543,49.388858795166016,0.9932242706635658,ridge
100000,100,1.8080394268035889,49.29190993309021,0.9852835360037608,ridge
100000,100,1.8111851215362549,49.04348874092102,0.9897346406794482,ridge
100000,100,1.7497999668121338,52.46044135093689,0.9804462207773945,marginal
100000,100,1.8086462020874023,51.53862500190735,0.9832991831718592,marginal
100000,100,1.7831618785858154,50.24241614341736,0.9751492444263364,marginal
100000,100,1.7832367420196533,50.77842402458191,0.927360299365776,marginal
100000,100,1.7582027912139893,51.480984687805176,0.9197205218925396,marginal
100000,100,1.7727417945861816,50.64017128944397,0.9548507264773395,marginal
100000,100,1.76096510887146,51.448742628097534,0.9419525626648146,marginal
100000,100,1.7732505798339844,50.630728006362915,0.9650465961425049,marginal
100000,100,1.7495031356811523,51.41524577140808,0.9710657636218463,marginal
100000,100,1.7755281925201416,50.654507637023926,0.9826624139489465,marginal
100000,100,1.7480247020721436,3.1015028953552246,0.2709351415485129,direct
100000,100,1.7677001953125,0.9988946914672852,0.8179993847675449,direct
100000,100,1.7764246463775635,3.2201426029205322,0.5254694549135734,direct
100000,100,1.7628142833709717,4.658697843551636,0.6915139922535866,direct
100000,100,1.7884256839752197,1.1069118976593018,0.6793157819132449,direct
100000,100,1.7725677490234375,1.116429328918457,0.9507674514916139,direct
100000,100,1.7839806079864502,4.272839784622192,0.6534775097313889,direct
100000,100,1.7691223621368408,0.8809864521026611,0.9804619004357958,direct
100000,100,1.779797077178955,1.580625295639038,0.610278102369299,direct
100000,100,1.7683649063110352,3.008183240890503,0.7190051965587705,direct
