iteration,ufit,vfit,error
0,0.6165001598202157,0.9550859480687727,20.5535783074015
0,0.6165019019746256,0.9550867244136131,20.55357268082109
0,0.616499404457016,0.9550865799675526,20.553567550600054
0,0.6164991722492071,0.9550863882158341,20.553568284978635
0,0.616499407167935,0.95508639030833,20.553569004347768
1,0.7575397930727314,0.937762488896738,25.7261538677679
1,0.7575412043541039,0.9377623469471543,25.726148117718306
1,0.7575437551908729,0.9377651386095806,25.726128103698365
1,0.7575456292142526,0.9377616869758567,25.726130083555425
1,0.7575430501276976,0.9377598953690425,25.726147116734683
2,-0.9438314730594394,-0.8882427274312916,16.7938055684357
2,-0.9438352510571283,-0.8882511210522561,16.79355436335595
2,-0.9438310801216554,-0.8882421661914626,16.79382109643949
2,-0.9438313947319635,-0.8882426143726666,16.793808689830904
2,-0.9438311321724282,-0.8882422395408176,16.79381906147625
3,0.8664632005634558,0.844036141057555,73.78695600853204
3,0.8664895490522612,0.8440775268906219,73.78653035221207
3,0.8664639930863614,0.8440570145764019,73.78679577003216
3,0.8664972330434847,0.8440822025811454,73.78645913456945
3,0.8664993147482338,0.8441129989759419,73.78622551603095
4,0.32842102768031317,0.9622777726863116,58.67158626991005
4,0.32843517052575416,0.9622791485140896,58.67157806991404
4,0.3284284497373306,0.9622787452367099,58.671582122781814
4,0.32842814804386516,0.9622788864253639,58.67158186535283
4,0.32843115741214185,0.9622790523195863,58.67158050751632
5,0.8057485498171845,0.8538461923808275,26.592213239444852
5,0.8057484813405191,0.8538460705135761,26.59221523433459
5,0.8057494876015313,0.8538481497125523,26.592200661330736
5,0.8057477993875977,0.8538439394196485,26.592231768335193
5,0.8057491457151462,0.8538475696519752,26.592205718487257
6,-0.9544251915776684,-0.4771851546246145,75.39287256825739
6,-0.9544234538990194,-0.47717216411055097,75.39294223960113
6,-0.9544142801636435,-0.4770926828983469,75.39335942453368
6,-0.95441224590679,-0.4770746492797485,75.39345360671904
6,-0.9544152266886978,-0.4771007231390753,75.39331702655663
7,0.9679757481954993,0.5705258616018544,23.71531968198034
7,0.9679755915687371,0.5705256708052996,23.71532049770584
7,0.9679758967738743,0.5705269570531569,23.715317948359985
7,0.9679756798002338,0.5705247462683826,23.715321189927277
7,0.967975690721254,0.5705278545716491,23.715318205327222
8,0.3178060442041918,-0.8474041325232173,61.142667829139405
8,0.31780624587531014,-0.8474033936937077,61.14267151585908
8,0.31780612511376105,-0.8474038403865091,61.14266931287469
8,0.3178062828429489,-0.8474032583827743,61.14267219149713
8,0.31780630060173737,-0.8474031931888364,61.142672515981005
9,-0.9493159923191105,-0.8624550099727515,45.1508843190962
9,-0.949324808293574,-0.8624460335543165,45.15093277522616
9,-0.9493074681260141,-0.8624442361659211,45.15096649787173
9,-0.9493340775606984,-0.8624557829510263,45.15085647607198
9,-0.9493117724942604,-0.8624497317007683,45.150924742051615
10,0.9818740481232544,0.9343931826089378,25.078213889807795
10,0.9818739928187213,0.9343931813745465,25.07821813430538
10,0.9818740075176846,0.9343931323014026,25.078222445386892
10,0.9818739934406071,0.9343932095033592,25.078217817687264
10,0.9818739455360331,0.9343931860979983,25.078223392045043
11,0.5606655579198461,0.9576098041257673,36.344079076082636
11,0.5606624563812361,0.9576126418576638,36.34407366464872
11,0.5606679863537252,0.9576122803214878,36.34406129227408
11,0.5606634914050019,0.9576123014068951,36.34407265614498
11,0.5606626694875347,0.9576121958277936,36.34407516656316
12,-0.9512077077942716,-0.8984056147498303,14.933485013660329
12,-0.9512075523159442,-0.8984054978010281,14.933494709214695
12,-0.9512077188000961,-0.898405156574072,14.933525103369579
12,-0.9512076276026635,-0.8984055442280372,14.933490043081141
12,-0.9512073076308525,-0.8984053152268294,14.933510011475404
13,0.38738587302106103,0.7235018382436846,112.01746117635597
13,0.38739378874876446,0.7234905297524457,112.0174704202334
13,0.3873949161563408,0.7234889191030043,112.01747173586207
13,0.38738304029046844,0.7235058850154801,112.0174578655247
13,0.3873755859972636,0.7235165340034397,112.01744914599841
14,-0.9867582795032612,-0.9252460583710731,34.99947239913232
14,-0.9867602884927498,-0.925232974433916,34.9995553418316
14,-0.9867581009483422,-0.9252472217716429,34.999465028066545
14,-0.9867579358518721,-0.9252482949392562,34.99945821528609
14,-0.9867596872653375,-0.9252368914992961,34.99953051593858
15,0.02584167507620748,0.772018010738503,88.96105390762776
15,0.025831754703826156,0.772025795021628,88.9610888117645
15,0.02583951068827553,0.7720197091500087,88.96106152620749
15,0.02583588420881429,0.7720225547917433,88.96107428713653
15,0.025834157926422345,0.7720239093415844,88.96108035977964
16,-0.7221948070537245,-0.983780151707239,78.60629130218632
16,-0.7221977131875631,-0.9837806393062434,78.60628231002266
16,-0.7221986304921002,-0.983780172609771,78.60627415878366
16,-0.722193407806476,-0.983780189851946,78.60629847227293
16,-0.7222088193057947,-0.9837792159093,78.60621975607546
17,-0.8201222724374833,-0.3315853775857889,31.801700774517865
17,-0.8201249346406401,-0.3315835686724672,31.80167387907711
17,-0.8201247045655449,-0.33158330909579414,31.80167648847373
17,-0.820124084938948,-0.33158386772866305,31.801683179237372
17,-0.8201230010601861,-0.3315851023164284,31.80169280396727
18,-0.90384124320635,-0.8919569008916863,14.023749425306377
18,-0.9038422861260424,-0.8919574153061515,14.023744575399908
18,-0.9038439639328218,-0.8919584918412626,14.0237362768751
18,-0.9038415287952128,-0.8919568453053252,14.023748409198157
18,-0.9038397951575923,-0.8919557807056665,14.023756808136731
19,-0.812089798277022,-0.9233964967133494,23.801703513458317
19,-0.8121525734733375,-0.9234342518169842,23.80149011874802
19,-0.8121367409858748,-0.9234246310177556,23.801558997674952
19,-0.8121406262109067,-0.9234270800861679,23.801529972662458
19,-0.8120812811179752,-0.9233913688274533,23.801732805066038
20,-0.6354775359793634,-0.95556912303282,24.64984239303835
20,-0.6354789324269037,-0.955569621235464,24.649841822369645
20,-0.6354774931617572,-0.9555690157659443,24.64984493818276
20,-0.6354794098017956,-0.9555695483929514,24.649832190777836
20,-0.63548285974004,-0.9555707786421372,24.64982203572293
21,-0.9371336767066663,-0.9445029515781792,21.61107889228195
21,-0.9371638584053037,-0.9445341728410566,21.610127013412693
21,-0.9371314508888325,-0.9445000719578867,21.611144715295694
21,-0.9371314428055244,-0.944500079819233,21.611144559443126
21,-0.9371316660058366,-0.9445003652838608,21.611138030236855
22,0.9557555012727136,0.8935283255479907,12.015020563646143
22,0.9557560171212649,0.8935278731440075,12.015029581475677
22,0.9557553804287788,0.8935281200529378,12.015029444412551
22,0.9557542080055395,0.8935276804639457,12.015061720068575
22,0.9557559396866174,0.8935278607784032,12.015030634016664
23,0.9363580759966673,0.8230582077544712,74.93160086036279
23,0.9363605117486382,0.8230554700322928,74.93157122464517
23,0.9363598394341042,0.8230562260848506,74.93157940219953
23,0.936358091286785,0.8230581899817647,74.93160067822996
23,0.936358416421245,0.8230578244445755,74.93159672338199
24,0.871301521911155,0.9694845409896137,28.096603218212007
24,0.8713011122384243,0.9694845025052056,28.096608325133055
24,0.8713015115223753,0.969484541196969,28.096603452339437
24,0.8713010391066752,0.9694844764491901,28.096608120982616
24,0.8713010902139455,0.9694844704176255,28.096608213143025
25,-0.959570242496963,-0.4686363115099054,72.74132127285965
25,-0.9595702013728218,-0.46863627491413207,72.74132181054006
25,-0.959570196594707,-0.46863680273353653,72.74131970057564
25,-0.9595702325812736,-0.46863625699988876,72.74132168294102
25,-0.959570496381238,-0.46863639175445004,72.74131912328738
26,-0.8854897410017039,-0.9400675391230315,9.67001728405908
26,-0.8854901261133186,-0.9400700231752979,9.670007611080651
26,-0.8854904876265184,-0.9400664543117694,9.670037104517332
26,-0.8854902527610508,-0.9400692632689267,9.670007976680376
26,-0.8854909201600929,-0.9400677180449042,9.669966076822128
27,0.9468162954407373,0.6152462081786059,38.04006974473704
27,0.9468156620409056,0.6152479265556805,38.04007093801103
27,0.9468168722329307,0.6152445898341916,38.04006881611722
27,0.9468172384223711,0.6152436439642535,38.04006805605794
27,0.9468160181510935,0.615246957896606,38.0400702735327
28,0.8672884451517345,0.3888745554018096,145.13308923167878
28,0.8672873107066114,0.3888726365652946,145.13309353016962
28,0.8672879305062854,0.38887399839789505,145.1330915696841
28,0.8672888193796789,0.3888747449856907,145.13308834948117
28,0.8672895644167623,0.3888752356988512,145.1330861528846
29,0.6677761406426561,0.7387019585207161,57.41412758818984
29,0.6677845946157404,0.7387137180153732,57.414090526432446
29,0.6678052802203456,0.7387425040875325,57.41399978318231
29,0.667812929451117,0.738753121081931,57.41396620105787
29,0.6677997224962324,0.7387347562355977,57.41402416984854
30,0.5250764245898378,0.6869901166238132,118.04254393595079
30,-0.5240178783855124,-0.6880689906341696,118.04196958676994
30,-0.5240989318695652,-0.6879845038067327,118.04204888647864
30,0.5251720641176365,0.6868952969942906,118.0425460105614
30,0.5251115310916354,0.6869553181194321,118.04254466855474
31,0.8323208460090326,0.9688948986875985,59.474281242127816
31,0.8323208620061562,0.9688949170720272,59.474281037052116
31,0.8323208658881824,0.9688949592484047,59.47428027108858
31,0.8323208202709675,0.968894893893256,59.47428149983705
31,0.8323208057189536,0.9688949002903219,59.474281104837466
32,-0.7948794750593722,-0.9444970730314509,20.049428682342203
32,-0.7948847173687241,-0.9444974785667697,20.049372689684564
32,-0.7948821817905882,-0.9444973966608515,20.04939828212861
32,-0.7948834730883338,-0.944497428963126,20.049385363432222
32,-0.7948833398229962,-0.9444973647357309,20.049387506975194
33,-0.9202235444938638,0.1497566545500068,132.20606525305212
33,-0.9202247929060365,0.14976469621209204,132.20606322162112
33,-0.9202241027141714,0.14976029833510143,132.20606440116322
33,-0.9202235322237927,0.14975973294763487,132.20606823669428
33,-0.9202242158844312,0.14976103602160779,132.20606422756126
34,0.888939635223156,0.8745156520499812,13.627384887397707
34,0.8889389210095828,0.8745147106872582,13.62739520162473
34,0.8889394534956097,0.8745156184968484,13.627386033564454
34,0.8889384599476939,0.874514629193599,13.627398271389591
34,0.8889453924417814,0.8745188632448212,13.627268594671255
35,-0.960856340702336,-0.9791557727678897,5.046762626175011
35,-0.960859442220364,-0.9791565885619695,5.046619303718429
35,-0.9608579431919293,-0.9791566579181088,5.0466828319899255
35,0.9608601749541542,0.979159441633078,5.0465486555945205
35,0.9608606351134296,0.979158136874666,5.046552617728473
36,-0.9800389136563786,-0.752230752020954,66.84374416493102
36,-0.9800401755330413,-0.7522341747357896,66.84373342122328
36,-0.9800404482917776,-0.7522365883244322,66.84371237401825
36,-0.9800404207041137,-0.7522365128474321,66.8437129624256
36,-0.9800394970158086,-0.7522324489058329,66.84373141985205
37,0.528231220061263,0.9537785007325035,48.4812945579304
37,0.5281730621641163,0.9537852851047937,48.48133852808639
37,0.5282258341111434,0.9537791050816762,48.48129789605581
37,0.5280890579776538,0.953791842213082,48.481373793946815
37,0.5280656665771414,0.9537939631546931,48.4813861685764
38,-0.8193197491161682,-0.749649402008342,34.90377517556457
38,-0.8192750500359419,-0.7496275816413608,34.90435108400811
38,-0.819274557556974,-0.7496272752224784,34.90435740169367
38,-0.8192793585152267,-0.7496294873921346,34.904295646205114
38,-0.8192712533234514,-0.749624672483501,34.90440078808934
39,-0.7245515102584409,-0.2417658971181997,36.925898181572705
39,-0.72455047279424,-0.24176445431069396,36.92590041547055
39,-0.7245498028349868,-0.2417635339466404,36.92590186504551
39,-0.7245499191910854,-0.24176369124393784,36.92590160625808
39,-0.7245506526931844,-0.24176471239473504,36.92590003323387
40,-0.8846848589208138,-0.9561627460753948,34.237974677490115
40,-0.8846841233604449,-0.956162401099713,34.23797571151087
40,-0.88468546001983,-0.9561630766898093,34.237975150857515
40,-0.8846806643990643,-0.9561607138364456,34.23798323555152
40,-0.8846852626885,-0.9561630408249463,34.23797392584103
41,0.9472884119103027,0.8895567529431384,31.35900819807693
41,0.9472739038880791,0.889549400544166,31.359227430121948
41,0.9472668925601062,0.889545416636691,31.35932874591947
41,0.9472733412154897,0.8895490394822532,31.359236082094938
41,0.9472750780914593,0.8895498879914039,31.359212211058956
42,0.8041050949046621,0.9211023962875117,24.24154867863423
42,0.8041505577687393,0.9211406098482365,24.2408363997691
42,0.8041746317934987,0.921160837602718,24.24045906622936
42,0.8041625653611502,0.9211506996579564,24.240648207918493
42,0.8041268077118635,0.9211206491896748,24.241208547349277
43,0.9254515452176842,0.8428091360166378,30.825403113663604
43,0.9254506172139945,0.8428116821130809,30.825399053154968
43,0.9254505118785931,0.8428119725479528,30.825398586069994
43,0.9254495909946004,0.8428145039204434,30.825394528719
43,0.9254489263676572,0.8428163440200847,30.825391542077586
44,0.8538731541506083,0.9623216837220478,47.862932288003236
44,0.8538709135669817,0.9623213214514537,47.862939909977484
44,0.8538694618242322,0.9623210200794108,47.86294539227518
44,0.8538853933899644,0.9623239709072476,47.86288795257856
44,0.853872968494716,0.9623216311205864,47.862932984090534
45,-0.9787033882283993,-0.9473030966959339,10.839331595957573
45,-0.9787032696720823,-0.9473049028309991,10.839356102993863
45,-0.9787033362380202,-0.9473043574811861,10.839348315809309
45,-0.9787033959458162,-0.947304106149768,10.839345264664432
45,-0.978703305931018,-0.9473024452492038,10.839325914131425
46,0.9254683514658976,0.9767337306014665,26.620209899215418
46,0.9254683303181994,0.9767334502292314,26.620214187605843
46,0.9254688620356349,0.9767342622186945,26.620196449681792
46,0.9254683585978114,0.9767336422113737,26.62021101910604
46,0.9254686693036216,0.9767338830169529,26.620204148765183
47,-0.07822063153341502,-0.9098441003777552,38.32661984623797
47,-0.07823426459181357,-0.909845702524529,38.32657664023672
47,-0.07821107423015125,-0.9098429771178936,38.326650134670885
47,-0.07821570098021616,-0.9098435209045509,38.32663547191882
47,-0.07825846156750324,-0.9098485457562431,38.32649995228278
48,0.7295567883715324,0.8828096391592295,16.239143687243487
48,0.7295538038119163,0.8828087794984179,16.23915264231741
48,0.7295472647018741,0.8828068973744904,16.239172255334697
48,0.7295734221954064,0.8828144126909896,16.239093815973906
48,0.7295575776913529,0.8828098272832224,16.239141482384976
49,0.9931082276551015,0.9010618385548805,19.965790508630988
49,0.9931080162712546,0.9010651227504884,19.965786512120676
49,0.9931082647721832,0.9010645494398009,19.965784019051583
49,0.9931082263825096,0.901062829466456,19.965788126038028
49,0.9931079044616868,0.9010652565910685,19.96578803731752
50,-0.9228446827411322,-0.678828500289462,59.27907353586247
50,-0.9228462163750377,-0.6788306155996487,59.27905784693266
50,-0.922850683091525,-0.6788392458167917,59.27901580883395
50,-0.9228477033084241,-0.6788340456939541,59.27904551036435
50,-0.9228457112818118,-0.678830367856025,59.279063646837095
51,-0.9789162314626833,-0.8442231039917973,17.596987044770966
51,-0.9789150430533211,-0.8442229532067189,17.59699909183599
51,-0.9789149411216888,-0.8442234505103341,17.59698983504851
51,-0.9789140272648192,-0.8442223584371655,17.59699902226099
51,-0.9789149892915047,-0.844223033571826,17.59700074572729
52,0.9811634145438239,0.9476405656294487,5.630253075245852
52,0.9811632990035541,0.9476397320430353,5.630258414722183
52,0.9811634283293154,0.9476405705903386,5.630253145396859
52,0.9811632114840405,0.9476406009702512,5.630257297404182
52,0.9811635179826036,0.9476410032086379,5.630250215573507
53,0.5431465678528298,0.9676813189498248,50.686804703398444
53,0.5431469563252146,0.9676817177892375,50.68680327875808
53,0.5431469624926958,0.9676823993882205,50.68679875790535
53,0.5431465951921226,0.9676813467186398,50.68680460467575
53,0.5431481710296457,0.9676829717050843,50.686798781498624
54,0.4711086887034221,0.7882474138855394,59.99071174049705
54,0.471102750660669,0.788241437573815,59.99071405388863
54,0.47110792300550036,0.7882474783673762,59.99070432674563
54,0.4711058700423609,0.7882440915441218,59.99071664707361
54,0.47110570498098414,0.788244075208355,59.99070932895071
55,-0.43911031093179964,-0.8167089805294476,52.05746201672138
55,-0.4391093688723005,-0.8167079281123176,52.05747168211141
55,-0.439110337574773,-0.8167090089427914,52.057461751269194
55,-0.43910971311274594,-0.8167083139480771,52.0574681422829
55,-0.4391101922236419,-0.8167088472015731,52.057463239192444
56,0.9664524549948286,0.8855791751807505,16.990088758489275
56,0.9664533848798484,0.8855812320639024,16.99006231065169
56,0.9664539982603743,0.8855825992354447,16.99004482912152
56,0.9664538906086177,0.8855823616120102,16.990047889775134
56,0.9664541911840827,0.8855830248068823,16.990039345163275
57,0.9780157733823668,0.9866763240740624,6.851257796619913
57,0.9780155355529823,0.9866770980504367,6.851251126835542
57,0.9780155926865136,0.9866772493193438,6.851249102885769
57,0.978015519124016,0.9866771215456382,6.8512509851805365
57,0.9780159420914586,0.9866772609452165,6.851276485835992
58,0.8284110939912293,0.8275525950676966,33.342548790733524
58,0.8284010727577791,0.8275912012604962,33.34260431119724
58,-0.8283974315347551,-0.8275555411630875,33.34263365384917
58,0.828413654889207,0.8275444591590404,33.34253135228056
58,0.8284132941445913,0.8275523714498478,33.34253043426889
59,-0.8838974178073133,-0.6543396007977891,75.57712078898265
59,-0.8838960074968639,-0.6543362142504758,75.57715227267379
59,-0.8838960449679719,-0.6543363042281901,75.57715143622073
59,-0.8838974983366232,-0.6543397941730884,75.57711899113409
59,-0.8838967972567,-0.6543381106754456,75.57713464259467
60,-0.907392440678472,-0.45144247629429024,42.72675689085076
60,-0.9073947121242605,-0.4514479651211474,42.72675826586683
60,-0.907395849488095,-0.451450777346875,42.72675939472528
60,-0.9073993067921853,-0.451459072442981,42.72676115514435
60,-0.9073833103617204,-0.45141964921726396,42.72674272415839
61,0.7086108278610015,0.9637284813624047,29.18219392955267
61,0.7086168398300916,0.9637290048961169,29.18217782280181
61,0.7086091505924831,0.9637279829320939,29.182198900602817
61,0.7086079090001454,0.9637294211637216,29.182200133031756
61,0.7086116062479026,0.9637292495806223,29.18219089728695
62,0.8168640083112805,0.9847986563406589,31.3282695403312
62,0.8168531597831628,0.9847952757751933,31.32826982685289
62,0.8168612607151785,0.9847978982026035,31.328267985049017
62,0.8168537432286676,0.9847954898707151,31.328269396935784
62,0.8168621321116842,0.9847981827184809,31.328267589207748
63,0.9639581003313963,0.1733627029756828,62.81880758025894
63,0.9639581101140311,0.17336281923263885,62.8188067438281
63,0.9639580619496062,0.1733623139506231,62.81881049325256
63,0.9639580366183281,0.17336211643042498,62.81881206984104
63,0.9639582715313013,0.1733645139160635,62.818794163271185
64,0.9094727809953587,0.3402253222421361,29.303903561932344
64,0.9094726825757299,0.340229636681138,29.30389797192404
64,0.9094725826229288,0.34022270383260617,29.30392182781933
64,0.9094724347277336,0.3402228265085179,29.303920561568443
64,0.9094718748058478,0.34022103261390824,29.303936069950677
65,0.9238682083352745,0.7934233074323833,69.12354798796328
65,0.9238692647399152,0.793421309206495,69.12354053201041
65,0.9238688318209611,0.7934219551134984,69.12354139385921
65,0.9238682153326409,0.7934233067660077,69.12354842817459
65,0.923863971381211,0.7934313617771445,69.1235783438465
66,-0.917222566463125,-0.9854409424435764,16.770587844463464
66,-0.917223013683666,-0.9854411808834187,16.770584533806364
66,-0.917222945911081,-0.9854408466425494,16.770588231558442
66,-0.9172227734030355,-0.9854408378877048,16.770588575724158
66,-0.9172228699778407,-0.9854411176927582,16.770585731117233
67,-0.721726396617246,-0.44508404803559765,48.82630390767801
67,-0.7217262669319058,-0.44508679189718486,48.82630382931465
67,-0.7217264112988054,-0.44508399735249765,48.8263038135591
67,-0.7217264134834713,-0.44508197058289345,48.826304729505864
67,-0.7217263941919415,-0.4450841535158445,48.826303886891765
68,-0.41664013962148966,-0.6900104901289731,19.849187160291464
68,-0.41664652579932876,-0.6900149273185425,19.849177598949385
68,-0.4166667378275217,-0.6900267773421145,19.849148106412716
68,-0.41668378236572456,-0.6900372831790365,19.849123050833803
68,-0.4166815751505489,-0.6900359046122464,19.849126302048052
69,-0.9233293697415741,0.022906224305735634,75.58365386527738
69,-0.923329974447008,0.022902687365895902,75.58364782052973
69,-0.923333135321037,0.022888672925321207,75.58361900829996
69,-0.9233265523965439,0.02291102212364393,75.58367388283409
69,-0.9233393276658108,0.022863194050559976,75.58356383136908
70,-0.8697265746867415,-0.972294414800885,44.96011851325412
70,-0.8697226757069577,-0.9722949346016287,44.9601371344772
70,-0.8697297485936806,-0.972293251501233,44.9601031846606
70,-0.8697277740309448,-0.9722954868116955,44.96011713884142
70,-0.8697269085416718,-0.9722936568004703,44.9601151332859
71,0.8751851484758951,0.9468532996796422,56.38596012056308
71,0.875183532038174,0.9468551634679669,56.38596078642294
71,0.8751836734313314,0.9468551381406284,56.38596008235292
71,0.8751821441200898,0.9468581455183134,56.38595396918958
71,0.8751825827935347,0.9468570770881786,56.385956783382014
72,-0.4864614818231048,-0.9619461990476559,75.10224889344579
72,-0.4864614518617588,-0.961946134855985,75.1022493593494
72,-0.48646148603261197,-0.9619462146851407,75.10224885721227
72,-0.4864614897921871,-0.9619462192958318,75.10224894092543
72,-0.4864613785609272,-0.9619461176045746,75.10224985348846
73,0.5370572752394078,-0.9391698629648597,212.07872756645494
73,0.5370566741681256,-0.9391695813925346,212.07872764949116
73,0.5370572837013924,-0.9391698685232467,212.07872757870257
73,0.5370571947240218,-0.9391698179700907,212.07872747542223
73,0.5370567824434641,-0.9391696663371626,212.07872769656146
74,-0.9938029019515614,-0.8763177816851866,23.229663810818124
74,-0.9938036688694086,-0.8763110583387947,23.22970216343294
74,-0.993802972516338,-0.8763175948672874,23.229666669564647
74,-0.9938027138965567,-0.8763182793542785,23.22965619605423
74,-0.9938021428198074,-0.8763197904785792,23.229633075964177
75,0.5529672558171184,0.7997561412320005,86.88330030626126
75,0.5529424861857539,0.7997414365807533,86.8834410919565
75,0.5529697393898045,0.7997574849380915,86.88328858976212
75,0.5529349085844203,0.799737495955815,86.883468283934
75,0.5529381800636153,0.7997389086237287,86.88346496136467
76,-0.9617853816216606,-0.5351251464641114,47.30119877255105
76,-0.9617854008219016,-0.535346584858361,47.300722794606216
76,-0.9617853836149841,-0.5351718351158411,47.3010984949579
76,-0.9617854815095985,-0.5351272948447383,47.30119408268405
76,-0.9617853992736197,-0.535163257109559,47.30111690964088
77,-0.8220496821031806,-0.544722566795204,35.128653319652855
77,-0.822053904524828,-0.5447322702043695,35.128614554390005
77,-0.8220389870919583,-0.544697395630221,35.12875001164743
77,-0.8220488320417907,-0.5447199753982489,35.128661463053206
77,-0.8221131565730599,-0.5449264553518229,35.127922679472455
78,0.8600138148382385,0.40846460968268233,59.02167482659005
78,0.8600095803978685,0.4084611123678638,59.02171205305411
78,0.8600147997365531,0.40846546298317565,59.0216661182502
78,0.8600136242940374,0.40846444104095136,59.02167654737527
78,0.8600102515233076,0.4084616576072817,59.02170617501153
79,0.8898751960740597,0.9537226829868596,13.423234325010318
79,0.8898755810409708,0.9537234842294484,13.423227020451106
79,0.8898721223116927,0.95371892536198,13.42327080244094
79,0.8898731564473848,0.953720213871406,13.423258253079553
79,0.8898725404744319,0.9537194625124661,13.42326565563702
80,-0.9310822673690959,-0.9798742687078449,9.011302833748493
80,0.9310811471380827,0.9798742453586659,9.011346464674244
80,-0.9310818314344598,-0.9798741484825786,9.011329614197905
80,0.931082366305241,0.9798741633553611,9.011304226173465
80,-0.9310822620394589,-0.9798740931678478,9.011317356467897
81,0.4154832162437687,-0.3832638283924049,28.779744996138017
81,0.4155449994490031,-0.3832125663739061,28.779643440458646
81,0.41554232435296534,-0.3832172718925363,28.77965412082193
81,0.4155235321188156,-0.3832360419077474,28.779693243250147
81,0.41556302311067733,-0.38318981975538075,28.77959387046999
82,-0.9273600936040491,-0.7430327295710768,34.659416334933404
82,-0.9273562836838025,-0.743018452541075,34.65949042955698
82,-0.927359234690242,-0.74300830504026,34.659481691112994
82,-0.9273586397306699,-0.7430098327127451,34.659482732947005
82,-0.9273579099719138,-0.7430050175224638,34.65949930086469
83,-0.1460870963375123,-0.7795885254000594,103.84724818379199
83,-0.1461131737226737,-0.7795977399305494,103.84723348225887
83,-0.14608980082760362,-0.7795894711044908,103.84724669936027
83,-0.1461233841186267,-0.7796012238569261,103.84722821852223
83,-0.14590015723126878,-0.7795383142623779,103.84753390582154
84,0.3837068581373133,0.6585834965945463,84.70529850228436
84,0.3837003499666477,0.6585804918542206,84.70531945045278
84,0.3837244401595128,0.6585956553726419,84.70522576791203
84,0.38370406365959564,0.6585825059772619,84.70530622560844
84,0.3837002842320897,0.6585801258389392,84.70532083185452
85,0.8794910636776991,0.37686240354936207,65.17322054390095
85,0.8794912928676667,0.37686478264660717,65.17321687912377
85,0.8795174054344993,0.3769113198498246,65.1731271547561
85,0.8795079135043609,0.3768891516473186,65.17316778327672
85,0.8794977818420128,0.3768748509551262,65.17319849732665
86,-0.5242989941891322,-0.9515902328596304,77.68794428712582
86,-0.5243001401069995,-0.9515904292681578,77.68794130975478
86,-0.5242936510543565,-0.9515898223480317,77.687956147255
86,-0.5243016616848281,-0.9515906527189495,77.68793749118468
86,-0.5242981068392985,-0.9515900990605657,77.68794638118338
87,0.93524315847477,0.9257398915079502,26.394990276897715
87,0.9352421330754939,0.925739789006019,26.395034636194268
87,0.9352429903527628,0.925739979573182,26.39498637292332
87,0.9352431191999493,0.9257396622449908,26.394998263322318
87,0.9352435437271478,0.9257399388445225,26.394970641249724
88,-0.9541574569356511,-0.9524796795453783,8.116999388816643
88,0.9541584613868874,0.9524802614238361,8.117010952270277
88,0.9541579664271329,0.9524804496417092,8.117042244114826
88,0.9541583083091167,0.9524802231740934,8.117010497769254
88,0.9541582533635824,0.9524802142369057,8.117009808323674
89,-0.9432110503311534,-0.7866489194081632,28.652051135451067
89,-0.9432113719518527,-0.7866492497046522,28.652049602543435
89,-0.9432114025720197,-0.786649288308387,28.652049472797053
89,-0.943211169177331,-0.7866489440352865,28.652050745808957
89,-0.9432112464333662,-0.786649512174078,28.652048316282933
90,0.8358657386091959,0.8718920549175554,22.177868901322775
90,0.8358100038596987,0.871819068410941,22.17812326799645
90,0.8358272644223593,0.871841674980901,22.178044528904703
90,0.8358323147229203,0.8718482889216808,22.178021484372117
90,0.8358366408442622,0.8718539542667929,22.17800174206992
91,0.10538511545461397,0.8597872188412101,61.021391491493155
91,0.10538517962131812,0.8597872610679659,61.02139142624674
91,0.10538524962317056,0.8597873221343488,61.02139126499513
91,0.1053849177051316,0.8597870524091685,61.021391897075574
91,0.10538519241264108,0.8597872627967025,61.021391469352395
92,-0.9109802162532479,-0.7756024270699574,47.24717650971395
92,-0.910980347314514,-0.7756024723956831,47.24717512014846
92,-0.9109819952653617,-0.7756035480032824,47.2471544883452
92,-0.9109810437659411,-0.7756028802214128,47.247166693573476
92,-0.9109805200002847,-0.7756025876812204,47.247172941552776
93,-0.9552666952410318,-0.9337107902189385,17.344164515037882
93,-0.95526936611207,-0.9337175024496462,17.34410626453919
93,-0.9552672753405971,-0.9337167629108125,17.344117386013192
93,-0.9552666600247262,-0.9337177544153077,17.34411105903411
93,-0.9552668082572127,-0.9337176544832879,17.344111515015978
94,-0.6088496545619504,-0.04609064082918132,46.34605838269515
94,-0.6089232006555011,-0.04618716435994724,46.34642311870197
94,-0.6088639824541238,-0.04610944480031648,46.34612947905914
94,-0.6089180047771233,-0.04618034601248683,46.34639738304786
94,-0.6088523988623549,-0.04609424247249866,46.34607200204207
95,0.9168051183330894,0.9660450154033655,18.514046615686457
95,0.9168043479153922,0.9660435317610583,18.51408422384376
95,0.9168038450088016,0.9660444999580124,18.514097610808307
95,0.9168044164893009,0.9660432815839979,18.5140898286999
95,0.9168047419448793,0.9660443675787338,18.514062820801406
96,0.16558972153567686,0.9020599716799678,45.98357782003528
96,0.1656010274371162,0.9020642876508461,45.98353781183782
96,0.16560753356624197,0.9020667639950248,45.98351478741828
96,0.1655977582028052,0.9020630395896168,45.98354938112053
96,0.16559086507202958,0.9020604081741881,45.98357377360013
97,0.9865438817990446,0.9011821863609325,39.89307325669787
97,-0.9865476348871802,-0.9011885934544814,39.89272580777226
97,-0.9865458922819157,-0.901186633268742,39.89291812128788
97,0.9865444148360338,0.9011839534659282,39.89304934040774
97,-0.9865457040791252,-0.9011864276196131,39.89293820935411
98,0.9703746635458761,0.5411009631772489,60.17547197889175
98,0.9703731708615255,0.5410969756523814,60.17548372636823
98,0.9703710134867897,0.5410905500258651,60.175497374120546
98,0.9703753164134993,0.5411035595028689,60.175467046797245
98,0.9703731899268707,0.541096907317864,60.17548468888994
99,0.6832109481716324,0.133445294613969,73.48250594297852
99,0.6831651761018784,0.1334100434114565,73.48236574783161
99,0.6831750312116271,0.13341762971846388,73.48239594631808
99,0.6831685300912076,0.13341262503921372,73.48237602610087
99,0.6828488675023522,0.1331675926663423,73.48139263556725
